indice_interno,post_link
1,/p/CNcm0iABUil/
2,/p/CNLreSzB5HN/
3,/p/CNGAHshBLap/
4,/p/CM8MtXghKN-/
5,/p/CMxUMpkBZoQ/
6,/p/CMmvs5eBe3-/
7,/p/CMce132Bt4P/
8,/p/CMKPJXSBQc_/
9,/p/CL2AXOFhsIy/
10,/p/CL1_xgnhDVg/
11,/p/CLrHWXmBxQI/
12,/p/CLW0knshMu7/
13,/p/CLKd-exBYyK/
14,/p/CJgMc_UhuCs/
15,/p/CIWsC2wBU46/
16,/p/CIQAtTUh40i/
17,/p/CIN5ZXuh4uS/
18,/p/CH44Brzh1Yr/
19,/p/CH431Evh7uZ/
20,/p/CH43lechnLp/
21,/p/CGpasLVBz7P/
22,/p/CGesc3QB32V/
23,/p/CGQo4BeBcoU/
24,/p/CGM4ZSohf0y/
25,/p/CGKRJpxBMLm/
26,/p/CF6126nhUHE/
27,/p/CFnttwJhue8/
28,/p/CFmPoi-hnt_/
29,/p/CFa4kLthm5m/
30,/p/CFInP3ch9Mz/
31,/p/CFIfaHehlfq/
32,/p/CFCOoCrBxz4/
33,/p/CFBBEZ-BhQl/
34,/p/CE4y---B2g6/
35,/p/CEwykzdBH-O/
36,/p/CEuo_3ZhG4y/
37,/p/CEShVw2BNi4/
38,/p/CEKnKffhAH2/
39,/p/CEKm-Njhhq-/
40,/p/CEFNj20hp_5/
41,/p/CEC4aEChhz7/
42,/p/CD_xhWXhPfC/
43,/p/CD1i76ABTjt/
44,/p/CDzGG5ZB6MH/
45,/p/CDumeucBBxn/
46,/p/CDULK--h0po/
47,/p/CDT0ccpBekM/
48,/p/CDTy74BhY4u/
49,/p/CDIGFokBhLa/
50,/p/CC8kWa7BmjU/
51,/p/CCM4aOfBGXk/
52,/p/CByG1dOB_D8/
53,/p/CBVYMpjBxkm/
54,/p/CBHOfFEhCy1/
55,/p/CA5uTIbhLiF/
56,/p/CAng14EhROA/
57,/p/CAYV-uNBDI7/
58,/p/CASvO3DhEs9/
59,/p/CAC7eYrBeCz/
60,/p/CAAviwDhz_U/
61,/p/B_dRZT4BPKi/
62,/p/B-EYrR7Bx8E/
63,/p/B95VxPUBn7L/
64,/p/B93J2C_B4NO/
65,/p/B92VgptBShu/
66,/p/B91_FV5h57C/
67,/p/B9rmUC1hIgF/
68,/p/B9quyWAhLdG/
69,/p/B9XFoVJBHbB/
70,/p/B9UomW-hB2H/
71,/p/B9IppsuhVm9/
72,/p/B9IpYguB18k/
73,/p/B84MU3thfJj/
74,/p/B82bEXuFf_L/
75,/p/B8sie0ThyPj/
76,/p/B8shqhzB4Qw/
77,/p/B8sg-ImB0dm/
78,/p/B8sVNqbh2xt/
79,/p/B8peqHCBIvt/
