indice_interno,post_link,post_link_type
9.0,/p/CL9uEURMcd9/,img
27.0,/p/CIbajfnjDDI/,img
28.0,/p/CIbZTHEjcfa/,img
29.0,/p/CIbYpdKjESb/,img
30.0,/p/CHgSwvtsYr-/,img
32.0,/p/CHd7LsXjZUc/,img
33.0,/p/CHX7MIiD5Sn/,img
34.0,/p/CHX6_WaDnOs/,img
35.0,/p/CHSuSEWjrsm/,img
36.0,/p/CHSuNTIjM3c/,img
37.0,/p/CHSt3wgDKxM/,img
38.0,/p/CHSsDj0DBsg/,img
39.0,/p/CHFuRqyDu_1/,img
41.0,/p/CHFtv6Fj6mC/,img
43.0,/p/CGtQWBwjFUf/,img
44.0,/p/CGtP-xcDp1F/,img
45.0,/p/CGqiAZADcO0/,img
1.0,/p/CGqh9KuD4vQ/,img
2.0,/p/CGqgGdaj8B6/,img
